INSERT INTO address (id, country, city, street, number, latitude, longitude) VALUES (1, 'Srbija', 'Novi Sad', 'Ulica Miše Dimitrijevića', 41, 45.24398, 19.83099);
INSERT INTO users (id, email, is_active, name, password, phone, surname, address_id, user_type, first_login) VALUES (1, 'prijovic.uros13@gmail.com', true, 'Uros', 'Uros12345', '066430250', 'Prijovic', 1, 5, false);
INSERT INTO admin (id) VALUES (1);
INSERT INTO users (id, email, is_active, name, password, phone, surname, address_id, user_type, first_login) VALUES (2, 'prijovicu318@gmail.com', true, 'Uros', 'Uros12345', '066430250', 'Prijovic', 1, 0, false);
INSERT INTO sale_participant (points, id) VALUES (0, 2);
INSERT INTO rental_object_owner (id) VALUES (2);
INSERT INTO photo (id, photo) VALUES (1, 'kaoTamara');
INSERT INTO users (id, email, is_active, name, password, phone, surname, address_id, user_type, first_login, photo) VALUES (3, 'volastamara@gmail.com', 1, 'Tamara', 'kljucko', '6969696969', 'Volan', 1, 3, false, 1);
INSERT INTO sale_participant (points, id) VALUES (0, 3);
INSERT INTO client (id) VALUES (3);
INSERT INTO users (id, email, is_active, name, password, phone, surname, address_id, user_type, first_login) VALUES (4, 'saskat@gmail.com', true, 'Saska', 'Saska318', '066654398', 'Topalovic', 1, 1, false);
INSERT INTO sale_participant (points, id) VALUES (0, 4);
INSERT INTO rental_object_owner (id) VALUES (4);
INSERT INTO users (id, email, is_active, name, password, phone, surname, address_id, user_type, first_login) VALUES (5, 'sas@gmail.com', true, 'Saska', 'Saska318', '066654398', 'Topalovic', 1, 2, false);
INSERT INTO sale_participant (points, id) VALUES (0, 5);
INSERT INTO rental_object_owner (id) VALUES (5);
INSERT INTO users (id, email, is_active, name, password, phone, surname, address_id, user_type, first_login) VALUES (6, 'prijovic.uros13@gmail.com+1', true, 'Uros', 'Uros12345', '066430250', 'Prijovic', 1, 5, false);
INSERT INTO admin (id) VALUES (6);
INSERT INTO users (id, email, is_active, name, password, phone, surname, address_id, user_type, first_login) VALUES (7, 'prijovic.uros13@gmail.com+2', true, 'Uros', 'Uros12345', '066430250', 'Prijovic', 1, 5, false);
INSERT INTO admin (id) VALUES (7);
INSERT INTO users (id, email, is_active, name, password, phone, surname, address_id, user_type, first_login) VALUES (8, 'prijovic.uros13@gmail.com+3', true, 'Uros', 'Uros12345', '066430250', 'Prijovic', 1, 5, false);
INSERT INTO admin (id) VALUES (8);
INSERT INTO users (id, email, is_active, name, password, phone, surname, address_id, user_type, first_login) VALUES (9, 'prijovic.uros13@gmail.com+4', true, 'Uros', 'Uros12345', '066430250', 'Prijovic', 1, 5, false);
INSERT INTO admin (id) VALUES (9);
INSERT INTO users (id, email, is_active, name, password, phone, surname, address_id, user_type, first_login) VALUES (10, 'prijovic.uros13@gmail.com+5', true, 'Uros', 'Uros12345', '066430250', 'Prijovic', 1, 5, false);
INSERT INTO admin (id) VALUES (10);
INSERT INTO users (id, email, is_active, name, password, phone, surname, address_id, user_type, first_login) VALUES (11, 'prijovic.uros13@gmail.com+6', true, 'Uros', 'Uros12345', '066430250', 'Prijovic', 1, 5, false);
INSERT INTO admin (id) VALUES (11);
INSERT INTO users (id, email, is_active, name, password, phone, surname, address_id, user_type, first_login) VALUES (12, 'prijovic.uros13@gmail.com+7', true, 'Uros', 'Uros12345', '066430250', 'Prijovic', 1, 5, false);
INSERT INTO admin (id) VALUES (12);
INSERT INTO users (id, email, is_active, name, password, phone, surname, address_id, user_type, first_login) VALUES (13, 'prijovic.uros13@gmail.com+8', true, 'Uros', 'Uros12345', '066430250', 'Prijovic', 1, 5, false);
INSERT INTO admin (id) VALUES (13);
INSERT INTO users (id, email, is_active, name, password, phone, surname, address_id, user_type, first_login) VALUES (14, 'prijovic.uros13@gmail.com+9', true, 'Uros', 'Uros12345', '066430250', 'Prijovic', 1, 5, false);
INSERT INTO admin (id) VALUES (14);
INSERT INTO users (id, email, is_active, name, password, phone, surname, address_id, user_type, first_login) VALUES (15, 'prijovic.uros13@gmail.com+10', true, 'Uros', 'Uros12345', '066430250', 'Prijovic', 1, 5, false);
INSERT INTO admin (id) VALUES (15);
INSERT INTO users (id, email, is_active, name, password, phone, surname, address_id, user_type, first_login) VALUES (16, 'prijovic.uros13@gmail.com+11', true, 'Uros', 'Uros12345', '066430250', 'Prijovic', 1, 5, false);
INSERT INTO admin (id) VALUES (16);
INSERT INTO users (id, email, is_active, name, password, phone, surname, address_id, user_type, first_login) VALUES (17, 'prijovic.uros13@gmail.com+12', true, 'Uros', 'Uros12345', '066430250', 'Prijovic', 1, 5, false);
INSERT INTO admin (id) VALUES (17);
INSERT INTO users (id, email, is_active, name, password, phone, surname, address_id, user_type, first_login) VALUES (18, 'prijovic.uros13@gmail.com+13', true, 'Uros', 'Uros12345', '066430250', 'Prijovic', 1, 5, false);
INSERT INTO admin (id) VALUES (18);
INSERT INTO users (id, email, is_active, name, password, phone, surname, address_id, user_type, first_login) VALUES (19, 'prijovic.uros13@gmail.com+14', true, 'Uros', 'Uros12345', '066430250', 'Prijovic', 1, 5, false);
INSERT INTO admin (id) VALUES (19);
INSERT INTO users (id, email, is_active, name, password, phone, surname, address_id, user_type, first_login) VALUES (20, 'prijovic.uros13@gmail.com+15', true, 'Uros', 'Uros12345', '066430250', 'Prijovic', 1, 5, false);
INSERT INTO admin (id) VALUES (20);
INSERT INTO users (id, email, is_active, name, password, phone, surname, address_id, user_type, first_login) VALUES (21, 'prijovic.uros13@gmail.com+16', true, 'Uros', 'Uros12345', '066430250', 'Prijovic', 1, 5, false);
INSERT INTO admin (id) VALUES (21);
INSERT INTO users (id, email, is_active, name, password, phone, surname, address_id, user_type, first_login) VALUES (22, 'prijovic.uros13@gmail.com+17', true, 'Uros', 'Uros12345', '066430250', 'Prijovic', 1, 5, false);
INSERT INTO admin (id) VALUES (22);
INSERT INTO users (id, email, is_active, name, password, phone, surname, address_id, user_type, first_login) VALUES (23, 'prijovic.uros13@gmail.com+18', true, 'Uros', 'Uros12345', '066430250', 'Prijovic', 1, 5, false);
INSERT INTO admin (id) VALUES (23);
INSERT INTO users (id, email, is_active, name, password, phone, surname, address_id, user_type, first_login) VALUES (24, 'prijovic.uros13@gmail.com+19', true, 'Uros', 'Uros12345', '066430250', 'Prijovic', 1, 5, false);
INSERT INTO admin (id) VALUES (24);
INSERT INTO users (id, email, is_active, name, password, phone, surname, address_id, user_type, first_login) VALUES (25, 'prijovic.uros13@gmail.com+20', true, 'Uros', 'Uros12345', '066430250', 'Prijovic', 1, 5, false);
INSERT INTO admin (id) VALUES (25);
INSERT INTO users (id, email, is_active, name, password, phone, surname, address_id, user_type, first_login) VALUES (26, 'prijovic.uros13@gmail.com+21', true, 'Uros', 'Uros12345', '066430250', 'Prijovic', 1, 5, false);
INSERT INTO admin (id) VALUES (26);
INSERT INTO users (id, email, is_active, name, password, phone, surname, address_id, user_type, first_login) VALUES (27, 'prijovic.uros13@gmail.com+22', true, 'Uros', 'Uros12345', '066430250', 'Prijovic', 1, 5, false);
INSERT INTO admin (id) VALUES (27);
INSERT INTO users (id, email, is_active, name, password, phone, surname, address_id, user_type, first_login) VALUES (28, 'prijovic.uros13@gmail.com+23', true, 'Uros', 'Uros12345', '066430250', 'Prijovic', 1, 5, false);
INSERT INTO admin (id) VALUES (28);
INSERT INTO users (id, email, is_active, name, password, phone, surname, address_id, user_type, first_login) VALUES (29, 'prijovic.uros13@gmail.com+24', true, 'Uros', 'Uros12345', '066430250', 'Prijovic', 1, 5, false);
INSERT INTO admin (id) VALUES (29);
INSERT INTO users (id, email, is_active, name, password, phone, surname, address_id, user_type, first_login) VALUES (30, 'prijovic.uros13@gmail.com+25', true, 'Uros', 'Uros12345', '066430250', 'Prijovic', 1, 5, false);
INSERT INTO admin (id) VALUES (30);
INSERT INTO users (id, email, is_active, name, password, phone, surname, address_id, user_type, first_login) VALUES (31, 'prijovic.uros13@gmail.com+26', true, 'Uros', 'Uros12345', '066430250', 'Prijovic', 1, 5, false);
INSERT INTO admin (id) VALUES (31);
INSERT INTO fee (id, fee_type, value) VALUES (1, 0, 0);
INSERT INTO cancellation_fee (id) VALUES (1);
INSERT INTO rental_object (is_active, id, capacity, description, name, price, rental_object_type, address_id, cancellation_fee_id, rental_object_owner_id)
VALUES (true, 1, 10, '2 bedrooms, a living room with open-plan kitchen and 2 bathrooms. The air-conditioned, mechanized, fully furnished, alarm protected. A balcony which opens from the living room and the first bedroom, a storage and a parking space in the garage.', 'Abstract', 200, 2, 1, 1, 4);
INSERT INTO time_period(id, init_date, term_date, rental_object_id) VALUES (1, '2022-05-01 00:00:00', '2023-05-01 00:00:00', 1);
INSERT INTO photo (id, photo, rental_object_id) VALUES (2, 'ren1pic1', 1);
INSERT INTO photo (id, photo, rental_object_id) VALUES (3, 'ren1pic2', 1);
INSERT INTO photo (id, photo, rental_object_id) VALUES (4, 'ren1pic3', 1);
INSERT INTO photo (id, photo, rental_object_id) VALUES (5, 'ren1pic4', 1);
INSERT INTO photo (id, photo, rental_object_id) VALUES (6, 'ren1pic5', 1);
INSERT INTO photo (id, photo, rental_object_id) VALUES (7, 'ren1pic6', 1);
INSERT INTO photo (id, photo, rental_object_id) VALUES (8, 'ren1pic7', 1);
INSERT INTO photo (id, photo, rental_object_id) VALUES (9, 'ren1pic8', 1);
INSERT INTO conduct_rule (id, rule, type, rental_object_id) VALUES (1, 'Pets', 1, 1);
INSERT INTO conduct_rule (id, rule, type, rental_object_id) VALUES (2, 'Noise after 10pm', 1, 1);
INSERT INTO conduct_rule (id, rule, type, rental_object_id) VALUES (3, 'Partying', 1, 1);
INSERT INTO conduct_rule (id, rule, type, rental_object_id) VALUES (4, 'Smoking', 1, 1);
INSERT INTO conduct_rule (id, rule, type, rental_object_id) VALUES (5, 'Using the pool', 0, 1);
INSERT INTO conduct_rule (id, rule, type, rental_object_id) VALUES (6, 'Using the sauna', 0, 1);
INSERT INTO room (id, beds, vacation_rental_id) VALUES (1, 5, 1);
INSERT INTO room (id, beds, vacation_rental_id) VALUES (2, 2, 1);
INSERT INTO vacation_rental (id, check_in, check_out) VALUES (1, '14:00', '12:00');
INSERT INTO rental_object (is_active, id, capacity, description, name, price, rental_object_type, address_id, cancellation_fee_id, rental_object_owner_id)
VALUES (true, 2, 20, 'Yacht that includes high-end finishes and features and the latest in modern performance technology. Geared towards fishing, water sports, or cruising with a sleeker design and more powerful motor for faster cruising speeds.', 'Exotic', 450, 0, 1, 1, 5);
INSERT INTO photo (id, photo, rental_object_id) VALUES (10, 'boat1pic1', 2);
INSERT INTO photo (id, photo, rental_object_id) VALUES (11, 'boat1pic2', 2);
INSERT INTO photo (id, photo, rental_object_id) VALUES (12, 'boat1pic3', 2);
INSERT INTO photo (id, photo, rental_object_id) VALUES (13, 'boat1pic4', 2);
INSERT INTO photo (id, photo, rental_object_id) VALUES (14, 'boat1pic5', 2);
INSERT INTO photo (id, photo, rental_object_id) VALUES (15, 'boat1pic6', 2);
INSERT INTO photo (id, photo, rental_object_id) VALUES (16, 'boat1pic7', 2);
INSERT INTO conduct_rule (id, rule, type, rental_object_id) VALUES (7, 'Pets', 1, 2);
INSERT INTO conduct_rule (id, rule, type, rental_object_id) VALUES (8, 'Drugs', 1, 2);
INSERT INTO conduct_rule (id, rule, type, rental_object_id) VALUES (9, 'Damaging property', 1, 2);
INSERT INTO conduct_rule (id, rule, type, rental_object_id) VALUES (10, 'Exceed capacity', 1, 2);
INSERT INTO conduct_rule (id, rule, type, rental_object_id) VALUES (11, 'Using the jacuzzi', 0, 2);
INSERT INTO conduct_rule (id, rule, type, rental_object_id) VALUES (12, 'Using the sauna', 0, 2);
INSERT INTO boat (engine_number, engine_power, length, max_speed, type, id) VALUES ('150AET', 620, 75, 50, 'Yacht', 2);
INSERT INTO equipment (id, name) VALUES (1, 'Sextant');
INSERT INTO equipment (id, name) VALUES (2, 'Compass');
INSERT INTO equipment (id, name) VALUES (3, 'Astrolabe');
INSERT INTO equipment (id, name) VALUES (4, 'Radar');
INSERT INTO equipment (id, name) VALUES (5, 'Aviation transponder interrogation modes');
INSERT INTO equipment (id, name) VALUES (6, 'Attitude indicator');
INSERT INTO equipment (id, name) VALUES (7, 'Marine VHF radio');
INSERT INTO equipment (id, name) VALUES (8, 'Pulse-Doppler radar');
INSERT INTO equipment (id, name) VALUES (9, 'Anemometer');
INSERT INTO navigation_equipment (id, boat_id) VALUES (1, 2);
INSERT INTO navigation_equipment (id, boat_id) VALUES (2, 2);
INSERT INTO navigation_equipment (id, boat_id) VALUES (3, 2);
INSERT INTO navigation_equipment (id, boat_id) VALUES (4, 2);
INSERT INTO navigation_equipment (id, boat_id) VALUES (5, 2);
INSERT INTO navigation_equipment (id, boat_id) VALUES (6, 2);
INSERT INTO navigation_equipment (id, boat_id) VALUES (7, 2);
INSERT INTO navigation_equipment (id, boat_id) VALUES (8, 2);
INSERT INTO navigation_equipment (id, boat_id) VALUES (9, 2);
INSERT INTO equipment (id, name) VALUES (10, 'Lines');
INSERT INTO equipment (id, name) VALUES (11, 'Hooks');
INSERT INTO equipment (id, name) VALUES (12, 'Lures');
INSERT INTO equipment (id, name) VALUES (13, 'Fish finder');
INSERT INTO equipment (id, name) VALUES (14, 'Sinkers');
INSERT INTO equipment (id, name) VALUES (15, 'Rod');
INSERT INTO equipment (id, name) VALUES (16, 'Nets');
INSERT INTO equipment (id, name) VALUES (17, 'Fish scale');
INSERT INTO equipment (id, name) VALUES (18, 'Waders');
INSERT INTO fishing_equipment (id, boat_id) VALUES (10, 2);
INSERT INTO fishing_equipment (id, boat_id) VALUES (11, 2);
INSERT INTO fishing_equipment (id, boat_id) VALUES (12, 2);
INSERT INTO fishing_equipment (id, boat_id) VALUES (13, 2);
INSERT INTO fishing_equipment (id, boat_id) VALUES (14, 2);
INSERT INTO fishing_equipment (id, boat_id) VALUES (15, 2);
INSERT INTO fishing_equipment (id, boat_id) VALUES (16, 2);
INSERT INTO fishing_equipment (id, boat_id) VALUES (17, 2);
INSERT INTO fishing_equipment (id, boat_id) VALUES (18, 2);
INSERT INTO rental_object (is_active, id, capacity, description, name, price, rental_object_type, address_id, cancellation_fee_id, rental_object_owner_id)
VALUES (true, 3, 20, 'Mystic fishing adventure is very much on the arcade front of the fishing game spectrum. The grind is far too real though and whilst the quests are a nice touch. We''re promising to take you to exciting and exotic locations.', 'Mystic', 50, 1, 1, 1, 2);
INSERT INTO equipment (id, name) VALUES (19, 'Tent');
INSERT INTO equipment (id, name) VALUES (20, 'Jerrycans');
INSERT INTO equipment (id, name) VALUES (21, 'Heaters');
INSERT INTO equipment (id, name) VALUES (22, 'Hooks');
INSERT INTO equipment (id, name) VALUES (23, 'Vango');
INSERT INTO equipment (id, name) VALUES (24, 'Backpacks');
INSERT INTO adventure_equipment (id, adventure_id) VALUES (19, 3);
INSERT INTO adventure_equipment (id, adventure_id) VALUES (20, 3);
INSERT INTO adventure_equipment (id, adventure_id) VALUES (21, 3);
INSERT INTO adventure_equipment (id, adventure_id) VALUES (22, 3);
INSERT INTO adventure_equipment (id, adventure_id) VALUES (23, 3);
INSERT INTO adventure_equipment (id, adventure_id) VALUES (24, 3);
INSERT INTO photo (id, photo, rental_object_id) VALUES (17, 'adv1pic1', 3);
INSERT INTO photo (id, photo, rental_object_id) VALUES (18, 'adv1pic2', 3);
INSERT INTO conduct_rule (id, rule, type, rental_object_id) VALUES (13, 'Leaving the group', 1, 3);
INSERT INTO conduct_rule (id, rule, type, rental_object_id) VALUES (14, 'Alcohol', 1, 2);
INSERT INTO conduct_rule (id, rule, type, rental_object_id) VALUES (15, 'Damaging equipment', 1, 3);
INSERT INTO conduct_rule (id, rule, type, rental_object_id) VALUES (16, 'Pets', 0, 3);
INSERT INTO conduct_rule (id, rule, type, rental_object_id) VALUES (17, 'Collecting flora', 0, 3);
INSERT INTO adventure (id, duration) VALUES (3, 2.5);
INSERT INTO users (id, email, is_active, name, password, phone, surname, address_id, user_type, first_login) VALUES
(32, 'volastamara@gmail.com+1', 1, 'Tamara', '123', '06312345687', 'Volan', 1, 3, false);
INSERT INTO sale_participant (points, id) VALUES (0, 32);
INSERT INTO client (id) VALUES (32);
INSERT INTO users (id, email, is_active, name, password, phone, surname, address_id, user_type, first_login) VALUES
(33, 'volastamara@gmail.com+2', 1, 'Tamara', '123', '0631234665', 'Volan', 1, 3, false);
INSERT INTO sale_participant (points, id) VALUES (0, 33);
INSERT INTO client (id) VALUES (33);
INSERT INTO users (id, email, is_active, name, password, phone, surname, address_id, user_type, first_login) VALUES
(34, 'volastamara@gmail.com+3', 1, 'Tamara', '123', '06315457', 'Volan', 1, 3, false);
INSERT INTO sale_participant (points, id) VALUES (0, 34);
INSERT INTO client (id) VALUES (34);
INSERT INTO users (id, email, is_active, name, password, phone, surname, address_id, user_type, first_login) VALUES
(35, 'volastamara@gmail.com+4', 1, 'Tamara', '123', '069696969', 'Volan', 1, 3, false);
INSERT INTO sale_participant (points, id) VALUES (0, 35);
INSERT INTO client (id) VALUES (35);
INSERT INTO users (id, email, is_active, name, password, phone, surname, address_id, user_type, first_login) VALUES
(36, 'volastamara@gmail.com+5', 1, 'Tamara', '123', '069766969', 'Volan', 1, 3, false);
INSERT INTO sale_participant (points, id) VALUES (0, 36);
INSERT INTO client (id) VALUES (36);
INSERT INTO users (id, email, is_active, name, password, phone, surname, address_id, user_type, first_login) VALUES
(37, 'volastamara@gmail.com+6', 1, 'Tamara', '123', '069696969', 'Volan', 1, 3, false);
INSERT INTO sale_participant (points, id) VALUES (0, 37);
INSERT INTO client (id) VALUES (37);
INSERT INTO reservation (id, equipment_required, people, time_stamp, client_id, rental_object_id) VALUES
(1, true, 2, '2022-05-25 12:34:05', 32, 1);
INSERT INTO time_period (id, init_date, term_date, reservation_id) VALUES
(2, '2022-05-28 12:00:00', '2022-05-30 12:00:00', 1);
INSERT INTO reservation (id, equipment_required, people, time_stamp, client_id, rental_object_id) VALUES
(2, true, 2, '2022-05-25 12:34:05', 33, 1);
INSERT INTO time_period (id, init_date, term_date, reservation_id) VALUES
(3, '2022-06-28 12:00:00', '2022-06-30 12:00:00', 2);
INSERT INTO reservation (id, equipment_required, people, time_stamp, client_id, rental_object_id) VALUES
(3, true, 2, '2022-05-25 12:34:05', 34, 1);
INSERT INTO time_period (id, init_date, term_date, reservation_id) VALUES
(4, '2022-08-28 12:00:00', '2022-08-30 12:00:00', 3);
INSERT INTO reservation (id, equipment_required, people, time_stamp, client_id, rental_object_id) VALUES
(4, true, 2, '2022-05-25 12:34:05', 35, 1);
INSERT INTO time_period (id, init_date, term_date, reservation_id) VALUES
(5, '2022-12-28 12:00:00', '2022-12-30 12:00:00', 4);
INSERT INTO test.reservation (id, equipment_required, people, time_stamp, client_id, rental_object_id)
VALUES (5, true, 2, '2022-01-01 12:00:00', 3, 1);
INSERT INTO time_period (id, init_date, term_date, reservation_id)
VALUES (6, '2022-01-10 12:00:00', '2022-01-12 12:00:00', 5);
INSERT INTO test.review (id, comment, grade, review_type, time_stamp, author_id, reservation_id)
VALUES (1, 'WOW', 5, 0, '2022-01-13 12:00:00', 3, 5);
INSERT INTO test.review (id, comment, grade, review_type, time_stamp, author_id, reservation_id)
VALUES (2, 'WOW', 2, 0, '2022-01-13 12:00:00', 3, 5);
INSERT INTO test.review (id, comment, grade, review_type, time_stamp, author_id, reservation_id)
VALUES (3, 'WOW', 3, 0, '2022-01-13 12:00:00', 3, 5);
INSERT INTO test.review (id, comment, grade, review_type, time_stamp, author_id, reservation_id)
VALUES (4, 'WOW', 4, 0, '2022-01-13 12:00:00', 3, 5);
INSERT INTO test.review (id, comment, grade, review_type, time_stamp, author_id, reservation_id)
VALUES (5, 'WOW', 1, 0, '2022-01-13 12:00:00', 3, 5);
INSERT INTO test.review (id, comment, grade, review_type, time_stamp, author_id, reservation_id)
VALUES (6, 'WOW', 1, 0, '2022-01-13 12:00:00', 3, 5);
INSERT INTO test.review (id, comment, grade, review_type, time_stamp, author_id, reservation_id)
VALUES (7, 'WOW', 1, 0, '2022-01-13 12:00:00', 3, 5);
INSERT INTO rental_object (is_active, id, capacity, description, name, price, rental_object_type, address_id, cancellation_fee_id, rental_object_owner_id)
VALUES (true, 4, 8, 'Each unit comes with a sofa, a seating area, a flat-screen TV with cable channels, a well-fitted kitchen, a safety deposit box and a private bathroom with a hairdryer. A dishwasher, a microwave and fridge are also featured.', 'Quartier Libre Saint Georges', 250, 2, 1, 1, 4);
INSERT INTO photo (id, photo, rental_object_id) VALUES (19, 'ren2pic1', 4);
INSERT INTO photo (id, photo, rental_object_id) VALUES (20, 'ren2pic2', 4);
INSERT INTO conduct_rule (id, rule, type, rental_object_id) VALUES (18, 'Pets', 1, 4);
INSERT INTO conduct_rule (id, rule, type, rental_object_id) VALUES (19, 'Noise after 10pm', 1, 4);
INSERT INTO conduct_rule (id, rule, type, rental_object_id) VALUES (20, 'Smoking', 1, 4);
INSERT INTO conduct_rule (id, rule, type, rental_object_id) VALUES (21, 'Using the pool', 0, 4);
INSERT INTO conduct_rule (id, rule, type, rental_object_id) VALUES (22, 'Using the sauna', 0, 4);
INSERT INTO room (id, beds, vacation_rental_id) VALUES (3, 3, 4);
INSERT INTO room (id, beds, vacation_rental_id) VALUES (4, 2, 4);
INSERT INTO room (id, beds, vacation_rental_id) VALUES (5, 2, 4);
INSERT INTO vacation_rental (id, check_in, check_out) VALUES (2, '15:00', '12:00');
INSERT INTO rental_object (is_active, id, capacity, description, name, price, rental_object_type, address_id, cancellation_fee_id, rental_object_owner_id)
VALUES (true, 5, 11, '3 bedrooms, a seating area, a flat-screen TV with cable channels, a well-fitted kitchen, 2 bathrooms. A dishwasher, a microwave and fridge are also featured.', 'Darebell', 300, 2, 1, 1, 4);
INSERT INTO photo (id, photo, rental_object_id) VALUES (21, 'ren3pic1', 5);
INSERT INTO photo (id, photo, rental_object_id) VALUES (22, 'ren3pic2', 5);
INSERT INTO photo (id, photo, rental_object_id) VALUES (23, 'ren3pic3', 5);
INSERT INTO conduct_rule (id, rule, type, rental_object_id) VALUES (23, 'Pets', 0, 5);
INSERT INTO conduct_rule (id, rule, type, rental_object_id) VALUES (24, 'Noise after 10pm', 1, 5);
INSERT INTO conduct_rule (id, rule, type, rental_object_id) VALUES (25, 'Smoking', 1, 5);
INSERT INTO room (id, beds, vacation_rental_id) VALUES (6, 3, 5);
INSERT INTO room (id, beds, vacation_rental_id) VALUES (7, 2, 5);
INSERT INTO room (id, beds, vacation_rental_id) VALUES (8, 2, 5);
INSERT INTO vacation_rental (id, check_in, check_out) VALUES (3, '15:00', '12:00');
INSERT INTO rental_object (is_active, id, capacity, description, name, price, rental_object_type, address_id, cancellation_fee_id, rental_object_owner_id)
VALUES (true, 6, 8, 'The vacation rental has two bedrooms, one bathroom, bed linen, towels and satellite TV. It also features a dining area, a fully equipped kitchen and a patio with mountain views.', 'Royal', 230, 2, 1, 1, 4);
INSERT INTO photo (id, photo, rental_object_id) VALUES (24, 'ren4pic1', 6);
INSERT INTO photo (id, photo, rental_object_id) VALUES (25, 'ren4pic2', 6);
INSERT INTO photo (id, photo, rental_object_id) VALUES (26, 'ren4pic3', 6);
INSERT INTO conduct_rule (id, rule, type, rental_object_id) VALUES (26, 'Pets', 0, 6);
INSERT INTO conduct_rule (id, rule, type, rental_object_id) VALUES (27, 'Noise after 11pm', 1, 6);
INSERT INTO conduct_rule (id, rule, type, rental_object_id) VALUES (28, 'Smoking', 1, 6);
INSERT INTO room (id, beds, vacation_rental_id) VALUES (9, 3, 6);
INSERT INTO room (id, beds, vacation_rental_id) VALUES (10, 4, 6);
INSERT INTO vacation_rental (id, check_in, check_out) VALUES (4, '16:00', '13:00');
INSERT INTO rental_object (is_active, id, capacity, description, name, price, rental_object_type, address_id, cancellation_fee_id, rental_object_owner_id)
VALUES (true, 7, 10, 'This apartment has 3 bedrooms, 1 bathroom, a flat-screen TV with satellite channels, a Blu-ray player and a DVD player. There is a seating area and a kitchen complete with a fridge and a toaster.', 'Star Hill', 250, 2, 1, 1, 4);
INSERT INTO photo (id, photo, rental_object_id) VALUES (27, 'ren5pic1', 7);
INSERT INTO photo (id, photo, rental_object_id) VALUES (28, 'ren5pic2', 7);
INSERT INTO conduct_rule (id, rule, type, rental_object_id) VALUES (29, 'Pets', 0, 7);
INSERT INTO conduct_rule (id, rule, type, rental_object_id) VALUES (30, 'Noise after 11pm', 1, 7);
INSERT INTO conduct_rule (id, rule, type, rental_object_id) VALUES (31, 'Smoking', 1, 7);
INSERT INTO conduct_rule (id, rule, type, rental_object_id) VALUES (32, 'Using the pool', 0, 7);
INSERT INTO room (id, beds, vacation_rental_id) VALUES (11, 3, 7);
INSERT INTO room (id, beds, vacation_rental_id) VALUES (12, 2, 7);
INSERT INTO room (id, beds, vacation_rental_id) VALUES (13, 2, 7);
INSERT INTO vacation_rental (id, check_in, check_out) VALUES (5, '14:00', '12:00');
INSERT INTO rental_object (is_active, id, capacity, description, name, price, rental_object_type, address_id, cancellation_fee_id, rental_object_owner_id)
VALUES (true, 8, 12, 'The apartment features 2 bedrooms, 2 bathrooms, a flat-screen TV with satellite channels, a dining area and a fully equipped kitchen. The apartment offers a childrens playground.', 'Millmary', 220, 2, 1, 1, 4);
INSERT INTO photo (id, photo, rental_object_id) VALUES (29, 'ren6pic1', 8);
INSERT INTO photo (id, photo, rental_object_id) VALUES (30, 'ren6pic2', 8);
INSERT INTO photo (id, photo, rental_object_id) VALUES (31, 'ren6pic3', 8);
INSERT INTO conduct_rule (id, rule, type, rental_object_id) VALUES (33, 'Pets', 1, 8);
INSERT INTO conduct_rule (id, rule, type, rental_object_id) VALUES (34, 'Noise after 11pm', 1, 8);
INSERT INTO conduct_rule (id, rule, type, rental_object_id) VALUES (35, 'Smoking', 1, 8);
INSERT INTO conduct_rule (id, rule, type, rental_object_id) VALUES (36, 'Using the wellness-spa', 0, 8);
INSERT INTO room (id, beds, vacation_rental_id) VALUES (14, 5, 8);
INSERT INTO room (id, beds, vacation_rental_id) VALUES (15, 4, 8);
INSERT INTO vacation_rental (id, check_in, check_out) VALUES (6, '15:00', '13:00');
INSERT INTO rental_object (is_active, id, capacity, description, name, price, rental_object_type, address_id, cancellation_fee_id, rental_object_owner_id)
VALUES (true, 9, 10, 'The vacation rental has three bedrooms, two bathrooms and satellite TV. It also features a dining area and a fully equipped kitchen. Guests of the vacation rental can use the sauna.', 'Holiday Home', 250, 2, 1, 1, 4);
INSERT INTO photo (id, photo, rental_object_id) VALUES (32, 'ren7pic1', 9);
INSERT INTO photo (id, photo, rental_object_id) VALUES (33, 'ren7pic2', 9);
INSERT INTO photo (id, photo, rental_object_id) VALUES (34, 'ren7pic3', 9);
INSERT INTO conduct_rule (id, rule, type, rental_object_id) VALUES (37, 'Pets', 0, 9);
INSERT INTO conduct_rule (id, rule, type, rental_object_id) VALUES (38, 'Noise after 11pm', 1, 9);
INSERT INTO conduct_rule (id, rule, type, rental_object_id) VALUES (39, 'Smoking', 1, 9);
INSERT INTO conduct_rule (id, rule, type, rental_object_id) VALUES (40, 'Using the sauna', 0, 9);
INSERT INTO room (id, beds, vacation_rental_id) VALUES (16, 3, 9);
INSERT INTO room (id, beds, vacation_rental_id) VALUES (17, 4, 9);
INSERT INTO room (id, beds, vacation_rental_id) VALUES (18, 2, 9);
INSERT INTO vacation_rental (id, check_in, check_out) VALUES (7, '14:00', '12:00');
INSERT INTO rental_object (is_active, id, capacity, description, name, price, rental_object_type, address_id, cancellation_fee_id, rental_object_owner_id)
VALUES (true, 10, 10, 'The air-conditioned vacation rental features a balcony, 2 bathrooms, a seating area, a flat-screen TV with satellite channels and a dining area. There is a kitchen with a dishwasher, microwave and fridge.', 'Max Luxury', 250, 2, 1, 1, 4);
INSERT INTO photo (id, photo, rental_object_id) VALUES (35, 'ren8pic1', 10);
INSERT INTO photo (id, photo, rental_object_id) VALUES (36, 're8pic2', 10);
INSERT INTO photo (id, photo, rental_object_id) VALUES (37, 'ren8pic3', 10);
INSERT INTO conduct_rule (id, rule, type, rental_object_id) VALUES (41, 'Pets', 1, 10);
INSERT INTO conduct_rule (id, rule, type, rental_object_id) VALUES (42, 'Noise after 11pm', 1, 10);
INSERT INTO conduct_rule (id, rule, type, rental_object_id) VALUES (43, 'Smoking', 1, 10);
INSERT INTO conduct_rule (id, rule, type, rental_object_id) VALUES (44, 'Using the pool', 0, 10);
INSERT INTO room (id, beds, vacation_rental_id) VALUES (19, 3, 10);
INSERT INTO room (id, beds, vacation_rental_id) VALUES (20, 2, 10);
INSERT INTO room (id, beds, vacation_rental_id) VALUES (21, 2, 10);
INSERT INTO vacation_rental (id, check_in, check_out) VALUES (8, '14:00', '12:00');
INSERT INTO rental_object (is_active, id, capacity, description, name, price, rental_object_type, address_id, cancellation_fee_id, rental_object_owner_id)
VALUES (true, 11, 25, 'Yacht that includes high-end finishes and features and the latest in modern performance technology. Geared towards fishing, water sports, or cruising with a sleeker design and more powerful motor for faster cruising speeds.', 'Mega yacht', 600, 0, 1, 1, 5);
INSERT INTO photo (id, photo, rental_object_id) VALUES (38, 'boat2pic1', 11);
INSERT INTO photo (id, photo, rental_object_id) VALUES (39, 'boat2pic2', 11);
INSERT INTO photo (id, photo, rental_object_id) VALUES (40, 'boat2pic3', 11);
INSERT INTO photo (id, photo, rental_object_id) VALUES (41, 'boat2pic4', 11);
INSERT INTO conduct_rule (id, rule, type, rental_object_id) VALUES (45, 'Pets', 0, 11);
INSERT INTO conduct_rule (id, rule, type, rental_object_id) VALUES (46, 'Drugs', 1, 11);
INSERT INTO conduct_rule (id, rule, type, rental_object_id) VALUES (47, 'Damaging property', 1, 11);
INSERT INTO conduct_rule (id, rule, type, rental_object_id) VALUES (48, 'Using the jacuzzi', 0, 11);
INSERT INTO boat (engine_number, engine_power, length, max_speed, type, id) VALUES ('180GT', 600, 42, 40, 'Yacht', 3);
INSERT INTO equipment (id, name) VALUES (25, 'Compass');
INSERT INTO equipment (id, name) VALUES (26, 'Radar');
INSERT INTO equipment (id, name) VALUES (27, 'Aviation transponder interrogation modes');
INSERT INTO equipment (id, name) VALUES (28, 'Attitude indicator');
INSERT INTO equipment (id, name) VALUES (29, 'Marine VHF radio');
INSERT INTO navigation_equipment (id, boat_id) VALUES (25, 11);
INSERT INTO navigation_equipment (id, boat_id) VALUES (26, 11);
INSERT INTO navigation_equipment (id, boat_id) VALUES (27, 11);
INSERT INTO navigation_equipment (id, boat_id) VALUES (28, 11);
INSERT INTO navigation_equipment (id, boat_id) VALUES (29, 11);
INSERT INTO equipment (id, name) VALUES (30, 'Lines');
INSERT INTO equipment (id, name) VALUES (31, 'Hooks');
INSERT INTO equipment (id, name) VALUES (32, 'Lures');
INSERT INTO equipment (id, name) VALUES (33, 'Fish finder');
INSERT INTO equipment (id, name) VALUES (34, 'Nets');
INSERT INTO equipment (id, name) VALUES (35, 'Fish scale');
INSERT INTO equipment (id, name) VALUES (36, 'Waders');
INSERT INTO fishing_equipment (id, boat_id) VALUES (30, 11);
INSERT INTO fishing_equipment (id, boat_id) VALUES (31, 11);
INSERT INTO fishing_equipment (id, boat_id) VALUES (32, 11);
INSERT INTO fishing_equipment (id, boat_id) VALUES (33, 11);
INSERT INTO fishing_equipment (id, boat_id) VALUES (34, 11);
INSERT INTO fishing_equipment (id, boat_id) VALUES (35, 11);
INSERT INTO fishing_equipment (id, boat_id) VALUES (36, 11);
INSERT INTO rental_object (is_active, id, capacity, description, name, price, rental_object_type, address_id, cancellation_fee_id, rental_object_owner_id)
VALUES (true, 12, 10, 'Fishing boat containing all the necessary fishing equipment as well as navigation equipment.', 'Marlin Fever Sport Fishing', 300, 0, 1, 1, 5);
INSERT INTO photo (id, photo, rental_object_id) VALUES (42, 'boat3pic1', 12);
INSERT INTO photo (id, photo, rental_object_id) VALUES (43, 'boat3pic2', 12);
INSERT INTO conduct_rule (id, rule, type, rental_object_id) VALUES (49, 'Pets', 1, 12);
INSERT INTO conduct_rule (id, rule, type, rental_object_id) VALUES (50, 'Drugs', 1, 12);
INSERT INTO conduct_rule (id, rule, type, rental_object_id) VALUES (51, 'Damaging property', 1, 12);
INSERT INTO conduct_rule (id, rule, type, rental_object_id) VALUES (52, 'Using the fishing equipment', 0, 12);
INSERT INTO boat (engine_number, engine_power, length, max_speed, type, id) VALUES ('130AGT', 300, 18, 30, 'Fishing boat', 4);
INSERT INTO equipment (id, name) VALUES (37, 'Compass');
INSERT INTO equipment (id, name) VALUES (38, 'Radar');
INSERT INTO equipment (id, name) VALUES (39, 'Attitude indicator');
INSERT INTO equipment (id, name) VALUES (40, 'Marine VHF radio');
INSERT INTO navigation_equipment (id, boat_id) VALUES (37, 12);
INSERT INTO navigation_equipment (id, boat_id) VALUES (38, 12);
INSERT INTO navigation_equipment (id, boat_id) VALUES (39, 12);
INSERT INTO navigation_equipment (id, boat_id) VALUES (40, 12);
INSERT INTO equipment (id, name) VALUES (41, 'Hooks');
INSERT INTO equipment (id, name) VALUES (42, 'Lures');
INSERT INTO equipment (id, name) VALUES (43, 'Fish finder');
INSERT INTO equipment (id, name) VALUES (44, 'Nets');
INSERT INTO equipment (id, name) VALUES (45, 'Fish scale');
INSERT INTO equipment (id, name) VALUES (46, 'Waders');
INSERT INTO fishing_equipment (id, boat_id) VALUES (41, 12);
INSERT INTO fishing_equipment (id, boat_id) VALUES (42, 12);
INSERT INTO fishing_equipment (id, boat_id) VALUES (43, 12);
INSERT INTO fishing_equipment (id, boat_id) VALUES (44, 12);
INSERT INTO fishing_equipment (id, boat_id) VALUES (45, 12);
INSERT INTO fishing_equipment (id, boat_id) VALUES (46, 12);
INSERT INTO rental_object (is_active, id, capacity, description, name, price, rental_object_type, address_id, cancellation_fee_id, rental_object_owner_id)
VALUES (true, 13, 18, 'Live a memorable experience with full peace sailing on the blue ocean. Enjoy the stunning views at one of the best beaches of Mexico, Playa Norte at Isla Mujeres.', 'Kendo Catamaran', 300, 0, 1, 1, 5);
INSERT INTO photo (id, photo, rental_object_id) VALUES (44, 'boat4pic1', 13);
INSERT INTO photo (id, photo, rental_object_id) VALUES (45, 'boat4pic2', 13);
INSERT INTO photo (id, photo, rental_object_id) VALUES (46, 'boat4pic3', 13);
INSERT INTO conduct_rule (id, rule, type, rental_object_id) VALUES (53, 'Pets', 0, 13);
INSERT INTO conduct_rule (id, rule, type, rental_object_id) VALUES (54, 'Drugs', 1, 13);
INSERT INTO conduct_rule (id, rule, type, rental_object_id) VALUES (55, 'Damaging property', 1, 13);
INSERT INTO conduct_rule (id, rule, type, rental_object_id) VALUES (56, 'Using the fishing equipment', 0, 13);
INSERT INTO boat (engine_number, engine_power, length, max_speed, type, id) VALUES ('110YVT', 500, 50, 60, 'Catamaran', 5);
INSERT INTO equipment (id, name) VALUES (47, 'Compass');
INSERT INTO equipment (id, name) VALUES (48, 'Radar');
INSERT INTO equipment (id, name) VALUES (49, 'Attitude indicator');
INSERT INTO equipment (id, name) VALUES (50, 'Marine VHF radio');
INSERT INTO navigation_equipment (id, boat_id) VALUES (47, 13);
INSERT INTO navigation_equipment (id, boat_id) VALUES (48, 13);
INSERT INTO navigation_equipment (id, boat_id) VALUES (49, 13);
INSERT INTO navigation_equipment (id, boat_id) VALUES (50, 13);
INSERT INTO equipment (id, name) VALUES (51, 'Hooks');
INSERT INTO equipment (id, name) VALUES (52, 'Lures');
INSERT INTO equipment (id, name) VALUES (53, 'Fish finder');
INSERT INTO equipment (id, name) VALUES (54, 'Nets');
INSERT INTO equipment (id, name) VALUES (55, 'Fish scale');
INSERT INTO equipment (id, name) VALUES (56, 'Waders');
INSERT INTO fishing_equipment (id, boat_id) VALUES (51, 13);
INSERT INTO fishing_equipment (id, boat_id) VALUES (52, 13);
INSERT INTO fishing_equipment (id, boat_id) VALUES (53, 13);
INSERT INTO fishing_equipment (id, boat_id) VALUES (54, 13);
INSERT INTO fishing_equipment (id, boat_id) VALUES (55, 13);
INSERT INTO fishing_equipment (id, boat_id) VALUES (56, 13);
INSERT INTO rental_object (is_active, id, capacity, description, name, price, rental_object_type, address_id, cancellation_fee_id, rental_object_owner_id)
VALUES (true, 14, 8, 'Yacht is updated with New large cushion on the bow. Also, new modern hard wood floors inside the salon and galley. New Toys - Stand Up Paddle-board, Water Mat & snorkel gear.', 'Beautiful yacht', 600, 0, 1, 1, 5);
INSERT INTO photo (id, photo, rental_object_id) VALUES (47, 'boat5pic1', 14);
INSERT INTO photo (id, photo, rental_object_id) VALUES (48, 'boat5pic2', 14);
INSERT INTO photo (id, photo, rental_object_id) VALUES (49, 'boat5pic3', 14);
INSERT INTO photo (id, photo, rental_object_id) VALUES (50, 'boat5pic4', 14);
INSERT INTO boat (engine_number, engine_power, length, max_speed, type, id) VALUES ('180UZT', 400, 47, 50, 'Catamaran', 6);
INSERT INTO rental_object (is_active, id, capacity, description, name, price, rental_object_type, address_id, cancellation_fee_id, rental_object_owner_id)
VALUES (true, 15, 12, 'Harun Yacht was built in 2015. The boat, which has 37.6 m length and 7.7 m width, provides blue tour service to you, our esteemed guests, with 5 crew members.', 'Harum Yacht', 500, 0, 1, 1, 5);
INSERT INTO photo (id, photo, rental_object_id) VALUES (51, 'boat6pic1', 15);
INSERT INTO photo (id, photo, rental_object_id) VALUES (52, 'boat6pic2', 15);
INSERT INTO photo (id, photo, rental_object_id) VALUES (53, 'boat6pic3', 15);
INSERT INTO photo (id, photo, rental_object_id) VALUES (54, 'boat6pic4', 15);
INSERT INTO boat (engine_number, engine_power, length, max_speed, type, id) VALUES ('120AST', 620, 37, 65, 'Yacht', 7);
INSERT INTO rental_object (is_active, id, capacity, description, name, price, rental_object_type, address_id, cancellation_fee_id, rental_object_owner_id)
VALUES (true, 16, 8, 'Lohengrin is here to take you on a magic journey. Inspired by the leyend, this beautiful and elegant 45 ft catamaran will have you sailing through the waters like true royalty.', 'Lohengrin', 400, 0, 1, 1, 5);
INSERT INTO photo (id, photo, rental_object_id) VALUES (55, 'boat7pic1', 16);
INSERT INTO photo (id, photo, rental_object_id) VALUES (56, 'boat7pic2', 16);
INSERT INTO boat (engine_number, engine_power, length, max_speed, type, id) VALUES ('190UT', 300, 60, 50, 'Catamaran', 8);
INSERT INTO rental_object (is_active, id, capacity, description, name, price, rental_object_type, address_id, cancellation_fee_id, rental_object_owner_id)
VALUES (true, 17, 20, 'Entertainment areas include two large exterior decks, 3 dining areas and a spacious main lounge. Sunbathing and spending time in the jacuzzi are among the activities that our guests may prefer.', 'Deluxe Yacht', 700, 0, 1, 1, 5);
INSERT INTO photo (id, photo, rental_object_id) VALUES (57, 'boat8pic1', 17);
INSERT INTO photo (id, photo, rental_object_id) VALUES (58, 'boat8pic2', 17);
INSERT INTO photo (id, photo, rental_object_id) VALUES (59, 'boat8pic3', 17);
INSERT INTO photo (id, photo, rental_object_id) VALUES (60, 'boat8pic4', 17);
INSERT INTO boat (engine_number, engine_power, length, max_speed, type, id) VALUES ('210VTU', 700, 60, 70, 'Mega Yacht', 9);
INSERT INTO rental_object (is_active, id, capacity, description, name, price, rental_object_type, address_id, cancellation_fee_id, rental_object_owner_id)
VALUES (true, 18, 25, 'Sport of reaching high points in mountainous areas, mainly for the joy and thrill of the climb. The sport involves intense physical activity. It includes hiking, rock climbing, and traversing slopes covered with ice and snow.', 'Mountain climbing', 80, 1, 1, 1, 2);
INSERT INTO photo (id, photo, rental_object_id) VALUES (61, 'adv2pic1', 18);
INSERT INTO equipment (id, name) VALUES (57, 'Ropes');
INSERT INTO equipment (id, name) VALUES (58, 'Helmet');
INSERT INTO equipment (id, name) VALUES (59, 'Crampons');
INSERT INTO equipment (id, name) VALUES (60, 'Pulley');
INSERT INTO equipment (id, name) VALUES (61, 'Climbing pack');
INSERT INTO adventure_equipment (id, adventure_id) VALUES (57, 18);
INSERT INTO adventure_equipment (id, adventure_id) VALUES (58, 18);
INSERT INTO adventure_equipment (id, adventure_id) VALUES (59, 18);
INSERT INTO adventure_equipment (id, adventure_id) VALUES (60, 18);
INSERT INTO adventure_equipment (id, adventure_id) VALUES (61, 18);
INSERT INTO conduct_rule (id, rule, type, rental_object_id) VALUES (57, 'Leaving the group', 1, 18);
INSERT INTO conduct_rule (id, rule, type, rental_object_id) VALUES (58, 'Damaging equipment', 1, 18);
INSERT INTO conduct_rule (id, rule, type, rental_object_id) VALUES (59, 'Taking photos', 0, 18);
INSERT INTO conduct_rule (id, rule, type, rental_object_id) VALUES (60, 'Collecting flora', 0, 18);
INSERT INTO adventure (id, duration) VALUES (4, 6.5);
INSERT INTO rental_object (is_active, id, capacity, description, name, price, rental_object_type, address_id, cancellation_fee_id, rental_object_owner_id)
VALUES (true, 19, 8, 'Adventure in which participants fly in the air using paragliders. These paragliders are light weight and are launched with the feet. In the sailboat there is a belt on which sits a paraglider.', 'Paragliding', 40, 1, 1, 1, 2);
INSERT INTO photo (id, photo, rental_object_id) VALUES (62, 'adv3pic1', 19);
INSERT INTO equipment (id, name) VALUES (62, 'Wing');
INSERT INTO equipment (id, name) VALUES (63, 'Harness');
INSERT INTO equipment (id, name) VALUES (64, 'Variometer');
INSERT INTO equipment (id, name) VALUES (65, 'Gloves');
INSERT INTO equipment (id, name) VALUES (66, 'GPS');
INSERT INTO equipment (id, name) VALUES (67, 'Flight suit');
INSERT INTO adventure_equipment (id, adventure_id) VALUES (62, 19);
INSERT INTO adventure_equipment (id, adventure_id) VALUES (63, 19);
INSERT INTO adventure_equipment (id, adventure_id) VALUES (64, 19);
INSERT INTO adventure_equipment (id, adventure_id) VALUES (65, 19);
INSERT INTO adventure_equipment (id, adventure_id) VALUES (66, 19);
INSERT INTO adventure_equipment (id, adventure_id) VALUES (67, 19);
INSERT INTO conduct_rule (id, rule, type, rental_object_id) VALUES (61, 'Alcohol', 1, 19);
INSERT INTO conduct_rule (id, rule, type, rental_object_id) VALUES (62, 'Damaging equipment', 1, 19);
INSERT INTO conduct_rule (id, rule, type, rental_object_id) VALUES (63, 'Taking photos', 0, 19);
INSERT INTO conduct_rule (id, rule, type, rental_object_id) VALUES (64, 'Flying in pairs', 0, 19);
INSERT INTO adventure (id, duration) VALUES (5, 1.5);
INSERT INTO rental_object (is_active, id, capacity, description, name, price, rental_object_type, address_id, cancellation_fee_id, rental_object_owner_id)
VALUES (true, 20, 12, 'Mountain bikes share some similarities with other bicycles, but incorporate features designed to enhance durability and performance in rough terrain, which makes them heavier, more complex and less efficient on smooth surfaces.', 'Mountain bikes', 60, 1, 1, 1, 2);
INSERT INTO photo (id, photo, rental_object_id) VALUES (63, 'adv4pic1', 20);
INSERT INTO equipment (id, name) VALUES (68, 'Bike');
INSERT INTO equipment (id, name) VALUES (69, 'Helmet');
INSERT INTO equipment (id, name) VALUES (70, 'Knee pads');
INSERT INTO equipment (id, name) VALUES (71, 'Gloves');
INSERT INTO equipment (id, name) VALUES (72, 'Eye protection');
INSERT INTO equipment (id, name) VALUES (73, 'Cycling clothes');
INSERT INTO adventure_equipment (id, adventure_id) VALUES (68, 20);
INSERT INTO adventure_equipment (id, adventure_id) VALUES (69, 20);
INSERT INTO adventure_equipment (id, adventure_id) VALUES (70, 20);
INSERT INTO adventure_equipment (id, adventure_id) VALUES (71, 20);
INSERT INTO adventure_equipment (id, adventure_id) VALUES (72, 20);
INSERT INTO adventure_equipment (id, adventure_id) VALUES (73, 20);
INSERT INTO conduct_rule (id, rule, type, rental_object_id) VALUES (65, 'Alcohol', 1, 20);
INSERT INTO conduct_rule (id, rule, type, rental_object_id) VALUES (66, 'Damaging equipment', 1, 20);
INSERT INTO conduct_rule (id, rule, type, rental_object_id) VALUES (67, 'Taking photos', 0, 20);
INSERT INTO conduct_rule (id, rule, type, rental_object_id) VALUES (68, 'Drinking water', 0, 20);
INSERT INTO conduct_rule (id, rule, type, rental_object_id) VALUES (69, 'Leaving the group', 1, 20);
INSERT INTO adventure (id, duration) VALUES (6, 4);
INSERT INTO test.reservation (id, equipment_required, people, time_stamp, client_id, rental_object_id)
VALUES (6, true, 4, '2022-06-16 12:34:05', 35, 18);
INSERT INTO time_period (id, init_date, term_date, reservation_id)
VALUES (7, '2022-07-20 10:00:00', '2022-07-24 17:00:00', 6);
INSERT INTO test.reservation (id, equipment_required, people, time_stamp, client_id, rental_object_id)
VALUES (7, true, 2, '2022-06-16 12:20:05', 36, 19);
INSERT INTO time_period (id, init_date, term_date, reservation_id)
VALUES (8, '2022-06-24 11:00:00', '2022-06-24 14:00:00', 7);
INSERT INTO test.reservation (id, equipment_required, people, time_stamp, client_id, rental_object_id)
VALUES (8, true, 3, '2022-06-16 12:30:05', 37, 20);
INSERT INTO time_period (id, init_date, term_date, reservation_id)
VALUES (9, '2022-06-27 09:00:00', '2022-06-27 16:00:00', 8);
INSERT INTO test.reservation (id, equipment_required, people, time_stamp, client_id, rental_object_id)
VALUES (9, true, 4, '2022-06-25 12:20:15', 34, 20);
INSERT INTO time_period (id, init_date, term_date, reservation_id)
VALUES (10, '2022-07-01 09:00:00', '2022-07-01 16:00:00', 9);
INSERT INTO test.reservation (id, equipment_required, people, time_stamp, client_id, rental_object_id)
VALUES (10, true, 3, '2022-06-18 12:10:25', 32, 20);
INSERT INTO time_period (id, init_date, term_date, reservation_id)
VALUES (11, '2022-07-05 10:00:00', '2022-07-05 18:00:00', 10);
INSERT INTO test.reservation (id, equipment_required, people, time_stamp, client_id, rental_object_id)
VALUES (11, true, 2, '2022-06-06 12:10:25', 35, 19);
INSERT INTO time_period (id, init_date, term_date, reservation_id)
VALUES (12, '2022-06-10 10:00:00', '2022-06-12 12:00:00', 11);
INSERT INTO test.reservation (id, equipment_required, people, time_stamp, client_id, rental_object_id)
VALUES (12, true, 10, '2022-05-10 12:10:25', 36, 2);
INSERT INTO time_period (id, init_date, term_date, reservation_id)
VALUES (13, '2022-05-16 10:00:00', '2022-05-18 12:00:00', 12);
INSERT INTO test.review (id, comment, grade, review_type, time_stamp, author_id, reservation_id)
VALUES (8, 'WOW', 5, 0, '2022-05-20 12:00:00', 5, 12);
INSERT INTO test.reservation (id, equipment_required, people, time_stamp, client_id, rental_object_id)
VALUES (13, true, 8, '2022-05-11 12:10:25', 34, 2);
INSERT INTO time_period (id, init_date, term_date, reservation_id)
VALUES (14, '2022-05-20 10:00:00', '2022-05-21 12:00:00', 13);
INSERT INTO test.review (id, comment, grade, review_type, time_stamp, author_id, reservation_id)
VALUES (9, 'WOW', 3, 0, '2022-05-22 12:00:00', 5, 13);
INSERT INTO test.reservation (id, equipment_required, people, time_stamp, client_id, rental_object_id)
VALUES (14, true, 12, '2022-03-11 12:10:25', 37, 2);
INSERT INTO time_period (id, init_date, term_date, reservation_id)
VALUES (15, '2022-03-17 10:00:00', '2022-03-19 12:00:00', 14);
INSERT INTO test.review (id, comment, grade, review_type, time_stamp, author_id, reservation_id)
VALUES (10, 'WOW', 4, 0, '2022-03-21 12:00:00', 5, 14);
INSERT INTO test.reservation (id, equipment_required, people, time_stamp, client_id, rental_object_id)
VALUES (15, true, 4, '2022-02-10 12:10:25', 36, 3);
INSERT INTO time_period (id, init_date, term_date, reservation_id)
VALUES (16, '2022-02-16 10:00:00', '2022-02-18 12:00:00', 12);
INSERT INTO test.review (id, comment, grade, review_type, time_stamp, author_id, reservation_id)
VALUES (11, 'WOW', 2, 0, '2022-02-20 12:00:00', 2, 12);
INSERT INTO test.reservation (id, equipment_required, people, time_stamp, client_id, rental_object_id)
VALUES (16, true, 3, '2022-02-01 12:10:25', 34, 3);
INSERT INTO time_period (id, init_date, term_date, reservation_id)
VALUES (17, '2022-02-11 10:00:00', '2022-02-11 16:00:00', 13);
INSERT INTO test.review (id, comment, grade, review_type, time_stamp, author_id, reservation_id)
VALUES (12, 'WOW', 3, 0, '2022-02-13 12:00:00', 2, 13);
INSERT INTO test.reservation (id, equipment_required, people, time_stamp, client_id, rental_object_id)
VALUES (17, true, 6, '2022-01-11 12:10:25', 37, 3);
INSERT INTO time_period (id, init_date, term_date, reservation_id)
VALUES (18, '2022-01-17 10:00:00', '2022-01-19 12:00:00', 14);
INSERT INTO test.review (id, comment, grade, review_type, time_stamp, author_id, reservation_id)
VALUES (13, 'WOW', 5, 0, '2022-01-20 12:00:00', 2, 14);